PR,URL,Title,Content type,Is rendered page,HTTP status code,Organic traffic,Is indexable page,No. of all inlinks,Is in sitemap,First found at
21,https://solvemymedia.com/hu/hang-mukodik,"Hangfájlok egyesítése - Ingyenes hangasztalos - SolveMyMedia
SolveMyMedia - Free Online Media Optimization Tools",text/html; charset=utf-8,false,200,0,true,27,false,https://solvemymedia.com/merge-audio
21,https://solvemymedia.com/el/perikopi-vinteo,"Περικοπή βίντεο Online - Δωρεάν εργαλείο περικοπής βίντεο - SolveMyMedia
SolveMyMedia - Free Online Media Optimization Tools",text/html; charset=utf-8,false,200,0,true,27,false,https://solvemymedia.com/crop-video
21,https://solvemymedia.com/zh/lu-yin-ji,"屏幕和音频录音机 - 免费工作室录音 - SolveMyMedia
SolveMyMedia - Free Online Media Optimization Tools",text/html; charset=utf-8,false,200,0,true,26,false,https://solvemymedia.com/id/perekam
21,https://solvemymedia.com/ar/msjl,"مسجل الشاشة والصوت - تسجيل استوديو مجاني - SolveMyMedia
SolveMyMedia - Free Online Media Optimization Tools",text/html; charset=utf-8,false,200,0,true,26,false,https://solvemymedia.com/id/perekam
21,https://solvemymedia.com/th/aeplngesiiyng,"แปลงรูปแบบเสียง - แปลงเสียงออนไลน์ฟรี - SolveMyMedia
SolveMyMedia - Free Online Media Optimization Tools",text/html; charset=utf-8,false,200,0,true,26,false,https://solvemymedia.com/id/mengkonversi-audio
21,https://solvemymedia.com/tr/videoyu-donustur,"Video Formatlarını Dönüştürme - Ücretsiz Çevrimiçi Video Dönüştürücü - SolveMyMedia
SolveMyMedia - Free Online Media Optimization Tools",text/html; charset=utf-8,false,200,0,true,26,false,https://solvemymedia.com/id/mengkonversi-video
21,https://solvemymedia.com/el/sigasi-vinteo,"Σίγαση βίντεο Online - Κατάργηση ήχου από βίντεο - SolveMyMedia
SolveMyMedia - Free Online Media Optimization Tools",text/html; charset=utf-8,false,200,0,true,27,false,https://solvemymedia.com/mute-video
21,https://solvemymedia.com/ar/ktm-lfydyw,"كتم الفيديو عبر الإنترنت - إزالة الصوت من الفيديو - SolveMyMedia
SolveMyMedia - Free Online Media Optimization Tools",text/html; charset=utf-8,false,200,0,true,27,false,https://solvemymedia.com/mute-video
21,https://solvemymedia.com/ar/nskh,"نسخ الصوت والفيديو - تحويل الكلام إلى نص باستخدام الذكاء الاصطناعي - SolveMyMedia
SolveMyMedia - Free Online Media Optimization Tools",text/html; charset=utf-8,false,200,0,true,26,false,https://solvemymedia.com/id/menuliskan
21,https://solvemymedia.com/fi/muuntaa-videon,"Muunna videomuodot - ilmainen online-videomuunnin - SolveMyMedia
SolveMyMedia - Free Online Media Optimization Tools",text/html; charset=utf-8,false,200,0,true,26,false,https://solvemymedia.com/id/mengkonversi-video
21,https://solvemymedia.com/ms/pangkas-video,"Pangkas Video Dalam Talian - Alat Pemotong Video Percuma - SolveMyMedia
SolveMyMedia - Free Online Media Optimization Tools",text/html; charset=utf-8,false,200,0,true,27,false,https://solvemymedia.com/crop-video
21,https://solvemymedia.com/uk/kadruvannya-video,"Обрізати відео онлайн - безкоштовний інструмент для обрізання відео - SolveMyMedia
SolveMyMedia - Free Online Media Optimization Tools",text/html; charset=utf-8,false,200,0,true,27,false,https://solvemymedia.com/crop-video
21,https://solvemymedia.com/ro/creati-gif,"Video to GIF Maker - Convertiți videoclipul în GIF animat - SolveMyMedia
SolveMyMedia - Free Online Media Optimization Tools",text/html; charset=utf-8,false,200,0,true,26,false,https://solvemymedia.com/id/membuat-gif
21,https://solvemymedia.com/sv/tyst-video,"Stäng av video online - Ta bort ljud från video - SolveMyMedia
SolveMyMedia - Free Online Media Optimization Tools",text/html; charset=utf-8,false,200,0,true,27,false,https://solvemymedia.com/mute-video
21,https://solvemymedia.com/uk/diktofon,"Запис екрану та звуку - безкоштовний студійний запис - SolveMyMedia
SolveMyMedia - Free Online Media Optimization Tools",text/html; charset=utf-8,false,200,0,true,26,false,https://solvemymedia.com/id/perekam
21,https://solvemymedia.com/ms/kelajuan-video,"Tukar Kelajuan Video - Editor Video Gerak Pantas & Perlahan - SolveMyMedia
SolveMyMedia - Free Online Media Optimization Tools",text/html; charset=utf-8,false,200,0,true,27,false,https://solvemymedia.com/video-speed
21,https://solvemymedia.com/hi/viiddiyo-se-onddiyo,"वीडियो से ऑडियो निकालें - वीडियो से एमपी3 कनवर्टर - SolveMyMedia
SolveMyMedia - Free Online Media Optimization Tools",text/html; charset=utf-8,false,200,0,true,26,false,https://solvemymedia.com/id/video-ke-audio
21,https://solvemymedia.com/zh/cai-jian-shi-pin,"在线裁剪视频 - 免费视频裁剪工具 - SolveMyMedia
SolveMyMedia - Free Online Media Optimization Tools",text/html; charset=utf-8,false,200,0,true,27,false,https://solvemymedia.com/crop-video
21,https://solvemymedia.com/tr/videoyu-sikistir,"Videoyu Çevrimiçi Sıkıştırın - Ücretsiz Güvenli Video Kompresörü - SolveMyMedia
SolveMyMedia - Free Online Media Optimization Tools",text/html; charset=utf-8,false,200,0,true,26,false,https://solvemymedia.com/id/kompres-video
21,https://solvemymedia.com/fi/litteroida,"Äänen ja videon transkriptio – AI-puhe tekstiksi - SolveMyMedia
SolveMyMedia - Free Online Media Optimization Tools",text/html; charset=utf-8,false,200,0,true,26,false,https://solvemymedia.com/id/menuliskan
21,https://solvemymedia.com/ro/merge-audio,"Merge Audio Files - Free Audio Joiner - SolveMyMedia
SolveMyMedia - Free Online Media Optimization Tools",text/html; charset=utf-8,false,200,0,true,27,false,https://solvemymedia.com/merge-audio
21,https://solvemymedia.com/sv/ljud-fungerar,"Sammanfoga ljudfiler - Gratis Audio Joiner - SolveMyMedia
SolveMyMedia - Free Online Media Optimization Tools",text/html; charset=utf-8,false,200,0,true,27,false,https://solvemymedia.com/merge-audio
21,https://solvemymedia.com/th/widiioepnesiiyng,"แยกเสียงจากวิดีโอ - ตัวแปลงวิดีโอเป็น MP3 - SolveMyMedia
SolveMyMedia - Free Online Media Optimization Tools",text/html; charset=utf-8,false,200,0,true,26,false,https://solvemymedia.com/id/video-ke-audio
21,https://solvemymedia.com/el/sympiesi-vinteo,"Compress Video Online - Δωρεάν ασφαλής συμπιεστής βίντεο - SolveMyMedia
SolveMyMedia - Free Online Media Optimization Tools",text/html; charset=utf-8,false,200,0,true,26,false,https://solvemymedia.com/id/kompres-video
21,https://solvemymedia.com/pl/konwertowac-dzwiek,"Konwertuj formaty audio — bezpłatny konwerter audio online - SolveMyMedia
SolveMyMedia - Free Online Media Optimization Tools",text/html; charset=utf-8,false,200,0,true,26,false,https://solvemymedia.com/id/mengkonversi-audio
21,https://solvemymedia.com/hu/vagja-le-a-videot,"Vágja le a videót online - Ingyenes videóvágó eszköz - SolveMyMedia
SolveMyMedia - Free Online Media Optimization Tools",text/html; charset=utf-8,false,200,0,true,27,false,https://solvemymedia.com/crop-video
21,https://solvemymedia.com/ar/dgt-lfydyw,"ضغط الفيديو عبر الإنترنت - ضاغط فيديو آمن ومجاني - SolveMyMedia
SolveMyMedia - Free Online Media Optimization Tools",text/html; charset=utf-8,false,200,0,true,26,false,https://solvemymedia.com/id/kompres-video
21,https://solvemymedia.com/hi/onddiyo-privrtit-kren,"ऑडियो प्रारूप परिवर्तित करें - मुफ़्त ऑनलाइन ऑडियो कनवर्टर - SolveMyMedia
SolveMyMedia - Free Online Media Optimization Tools",text/html; charset=utf-8,false,200,0,true,26,false,https://solvemymedia.com/id/mengkonversi-audio
21,https://solvemymedia.com/ms/audio-berfungsi,"Gabungkan Fail Audio - Penyambung Audio Percuma - SolveMyMedia
SolveMyMedia - Free Online Media Optimization Tools",text/html; charset=utf-8,false,200,0,true,27,false,https://solvemymedia.com/merge-audio
21,https://solvemymedia.com/ms/memampatkan-video,"Compress Video Online - Pemampat Video Selamat Percuma - SolveMyMedia
SolveMyMedia - Free Online Media Optimization Tools",text/html; charset=utf-8,false,200,0,true,26,false,https://solvemymedia.com/id/kompres-video
21,https://solvemymedia.com/pt/compactar-video,"Comprimir Vídeo Online - Compressor de Vídeo Seguro Gratuito - SolveMyMedia
SolveMyMedia - Free Online Media Optimization Tools",text/html; charset=utf-8,false,200,0,true,26,false,https://solvemymedia.com/id/kompres-video
21,https://solvemymedia.com/tr/filigran-videosu,"Videoya Filigran Ekleme - Medyanızı Koruyun - SolveMyMedia
SolveMyMedia - Free Online Media Optimization Tools",text/html; charset=utf-8,false,200,0,true,27,false,https://solvemymedia.com/watermark-video
21,https://solvemymedia.com/ru/szhimat-video,"Сжатие видео онлайн — бесплатный безопасный видеокомпрессор - SolveMyMedia
SolveMyMedia - Free Online Media Optimization Tools",text/html; charset=utf-8,false,200,0,true,26,false,https://solvemymedia.com/id/kompres-video
21,https://solvemymedia.com/hu/lemasol,"Hang és videó átírása – AI beszéd szöveggé - SolveMyMedia
SolveMyMedia - Free Online Media Optimization Tools",text/html; charset=utf-8,false,200,0,true,26,false,https://solvemymedia.com/id/menuliskan
21,https://solvemymedia.com/ko/weoteomakeu-bidio,"비디오에 워터마크 추가 - 미디어 보호 - SolveMyMedia
SolveMyMedia - Free Online Media Optimization Tools",text/html; charset=utf-8,false,200,0,true,27,false,https://solvemymedia.com/watermark-video
21,https://solvemymedia.com/ru/diktofon,"Устройство записи экрана и звука — бесплатная студийная запись - SolveMyMedia
SolveMyMedia - Free Online Media Optimization Tools",text/html; charset=utf-8,false,200,0,true,26,false,https://solvemymedia.com/id/perekam
21,https://solvemymedia.com/ko/giroggye,"화면 및 오디오 레코더 - 무료 스튜디오 녹음 - SolveMyMedia
SolveMyMedia - Free Online Media Optimization Tools",text/html; charset=utf-8,false,200,0,true,26,false,https://solvemymedia.com/id/perekam
21,https://solvemymedia.com/tr/videoyu-kapat,"Çevrimiçi Videonun Sesini Kapat - Videodan Sesi Kaldır - SolveMyMedia
SolveMyMedia - Free Online Media Optimization Tools",text/html; charset=utf-8,false,200,0,true,27,false,https://solvemymedia.com/mute-video
21,https://solvemymedia.com/pt/audio-funciona,"Mesclar arquivos de áudio - Joiner de áudio gratuito - SolveMyMedia
SolveMyMedia - Free Online Media Optimization Tools",text/html; charset=utf-8,false,200,0,true,27,false,https://solvemymedia.com/merge-audio
21,https://solvemymedia.com/it/comprimere-il-video,"Comprimi video online: compressore video sicuro gratuito - SolveMyMedia
SolveMyMedia - Free Online Media Optimization Tools",text/html; charset=utf-8,false,200,0,true,26,false,https://solvemymedia.com/id/kompres-video
21,https://solvemymedia.com/uk/stiskati-video,"Стиснення відео онлайн - безкоштовний захищений компресор відео - SolveMyMedia
SolveMyMedia - Free Online Media Optimization Tools",text/html; charset=utf-8,false,200,0,true,26,false,https://solvemymedia.com/id/kompres-video
21,https://solvemymedia.com/ms/video-kepada-audio,"Ekstrak Audio daripada Video - Video ke MP3 Converter - SolveMyMedia
SolveMyMedia - Free Online Media Optimization Tools",text/html; charset=utf-8,false,200,0,true,26,false,https://solvemymedia.com/id/video-ke-audio
21,https://solvemymedia.com/it/convertire-laudio,"Converti formati audio: convertitore audio online gratuito - SolveMyMedia
SolveMyMedia - Free Online Media Optimization Tools",text/html; charset=utf-8,false,200,0,true,26,false,https://solvemymedia.com/id/mengkonversi-audio
21,https://solvemymedia.com/tr/kaydedici,"Ekran ve Ses Kaydedici - Ücretsiz Stüdyo Kaydı - SolveMyMedia
SolveMyMedia - Free Online Media Optimization Tools",text/html; charset=utf-8,false,200,0,true,26,false,https://solvemymedia.com/id/perekam
21,https://solvemymedia.com/ko/bidio-abcug,"온라인으로 비디오 압축 - 무료 보안 비디오 압축기 - SolveMyMedia
SolveMyMedia - Free Online Media Optimization Tools",text/html; charset=utf-8,false,200,0,true,26,false,https://solvemymedia.com/id/kompres-video
21,https://solvemymedia.com/ko/odio-jagdong,"오디오 파일 병합 - 무료 오디오 소목장 - SolveMyMedia
SolveMyMedia - Free Online Media Optimization Tools",text/html; charset=utf-8,false,200,0,true,27,false,https://solvemymedia.com/merge-audio
21,https://solvemymedia.com/fi/pakkaa-aanta,"Pakkaa ääni verkossa - ilmainen äänikompressori - SolveMyMedia
SolveMyMedia - Free Online Media Optimization Tools",text/html; charset=utf-8,false,200,0,true,26,false,https://solvemymedia.com/id/kompres-audio
21,https://solvemymedia.com/ar/aaml-swty,"دمج الملفات الصوتية - النجار الصوتي المجاني - SolveMyMedia
SolveMyMedia - Free Online Media Optimization Tools",text/html; charset=utf-8,false,200,0,true,27,false,https://solvemymedia.com/merge-audio
21,https://solvemymedia.com/cs/audio-funguje,"Sloučit zvukové soubory - Free Audio Joiner - SolveMyMedia
SolveMyMedia - Free Online Media Optimization Tools",text/html; charset=utf-8,false,200,0,true,27,false,https://solvemymedia.com/merge-audio
21,https://solvemymedia.com/da/komprimere-lyd,"Komprimer lyd online - Gratis lydkompressor - SolveMyMedia
SolveMyMedia - Free Online Media Optimization Tools",text/html; charset=utf-8,false,200,0,true,26,false,https://solvemymedia.com/id/kompres-audio
21,https://solvemymedia.com/ms/bisu-video,"Redamkan Video Dalam Talian - Alih Keluar Audio daripada Video - SolveMyMedia
SolveMyMedia - Free Online Media Optimization Tools",text/html; charset=utf-8,false,200,0,true,27,false,https://solvemymedia.com/mute-video
21,https://solvemymedia.com/uk/video-z-vodyanim-znakom,"Додайте водяний знак до відео - захистіть свій медіафайл - SolveMyMedia
SolveMyMedia - Free Online Media Optimization Tools",text/html; charset=utf-8,false,200,0,true,27,false,https://solvemymedia.com/watermark-video
21,https://solvemymedia.com/th/pidesiiyngwidiio,"ปิดเสียงวิดีโอออนไลน์ - ลบเสียงออกจากวิดีโอ - SolveMyMedia
SolveMyMedia - Free Online Media Optimization Tools",text/html; charset=utf-8,false,200,0,true,27,false,https://solvemymedia.com/mute-video
21,https://solvemymedia.com/zh/yin-pin-zuo-pin,"合并音频文件 - 免费音频连接器 - SolveMyMedia
SolveMyMedia - Free Online Media Optimization Tools",text/html; charset=utf-8,false,200,0,true,27,false,https://solvemymedia.com/merge-audio
21,https://solvemymedia.com/ar/dgt-lswt,"ضغط الصوت عبر الإنترنت - ضاغط الصوت المجاني - SolveMyMedia
SolveMyMedia - Free Online Media Optimization Tools",text/html; charset=utf-8,false,200,0,true,26,false,https://solvemymedia.com/id/kompres-audio
21,https://solvemymedia.com/uk/audio-roboti,"Об'єднання аудіофайлів - безкоштовний аудіофайл - SolveMyMedia
SolveMyMedia - Free Online Media Optimization Tools",text/html; charset=utf-8,false,200,0,true,27,false,https://solvemymedia.com/merge-audio
21,https://solvemymedia.com/no/lage-gif,"Video til GIF Maker - Konverter video til animert GIF - SolveMyMedia
SolveMyMedia - Free Online Media Optimization Tools",text/html; charset=utf-8,false,200,0,true,26,false,https://solvemymedia.com/id/membuat-gif
21,https://solvemymedia.com/ro/decupati-videoclipul,"Decupați video online - Instrument gratuit pentru tăiere video - SolveMyMedia
SolveMyMedia - Free Online Media Optimization Tools",text/html; charset=utf-8,false,200,0,true,27,false,https://solvemymedia.com/crop-video
21,https://solvemymedia.com/ko/odio-abcug,"온라인으로 오디오 압축 - 무료 오디오 압축기 - SolveMyMedia
SolveMyMedia - Free Online Media Optimization Tools",text/html; charset=utf-8,false,200,0,true,26,false,https://solvemymedia.com/id/kompres-audio
21,https://solvemymedia.com/da/transskribere,"Lyd- og videotransskription - AI-tale til tekst - SolveMyMedia
SolveMyMedia - Free Online Media Optimization Tools",text/html; charset=utf-8,false,200,0,true,26,false,https://solvemymedia.com/id/menuliskan
21,https://solvemymedia.com/ms/memampatkan-audio,"Mampat Audio Dalam Talian - Pemampat Audio Percuma - SolveMyMedia
SolveMyMedia - Free Online Media Optimization Tools",text/html; charset=utf-8,false,200,0,true,26,false,https://solvemymedia.com/id/kompres-audio
21,https://solvemymedia.com/tr/sesi-sikistir,"Sesi Çevrimiçi Sıkıştır - Ücretsiz Ses Kompresörü - SolveMyMedia
SolveMyMedia - Free Online Media Optimization Tools",text/html; charset=utf-8,false,200,0,true,26,false,https://solvemymedia.com/id/kompres-audio
21,https://solvemymedia.com/it/trascrivere,"Trascrizione audio e video - Discorso AI in testo - SolveMyMedia
SolveMyMedia - Free Online Media Optimization Tools",text/html; charset=utf-8,false,200,0,true,26,false,https://solvemymedia.com/id/menuliskan
21,https://solvemymedia.com/ms/menukar-video,"Tukar Format Video - Penukar Video Dalam Talian Percuma - SolveMyMedia
SolveMyMedia - Free Online Media Optimization Tools",text/html; charset=utf-8,false,200,0,true,26,false,https://solvemymedia.com/id/mengkonversi-video
21,https://solvemymedia.com/cs/video-na-zvuk,"Extrahujte zvuk z Video - Video do MP3 Converter - SolveMyMedia
SolveMyMedia - Free Online Media Optimization Tools",text/html; charset=utf-8,false,200,0,true,26,false,https://solvemymedia.com/id/video-ke-audio
21,https://solvemymedia.com/hi/viiddiyo-myuutt-kren,"ऑनलाइन वीडियो म्यूट करें - वीडियो से ऑडियो हटाएं - SolveMyMedia
SolveMyMedia - Free Online Media Optimization Tools",text/html; charset=utf-8,false,200,0,true,27,false,https://solvemymedia.com/mute-video
21,https://solvemymedia.com/cs/prevest-video,"Převod video formátů – bezplatný online převodník videa - SolveMyMedia
SolveMyMedia - Free Online Media Optimization Tools",text/html; charset=utf-8,false,200,0,true,26,false,https://solvemymedia.com/id/mengkonversi-video
21,https://solvemymedia.com/ko/bidioreul-odioro,"비디오에서 오디오 추출 - 비디오를 MP3로 변환기 - SolveMyMedia
SolveMyMedia - Free Online Media Optimization Tools",text/html; charset=utf-8,false,200,0,true,26,false,https://solvemymedia.com/id/video-ke-audio
21,https://solvemymedia.com/ru/sozdat-gifku,"Video to GIF Maker - Конвертируйте видео в анимированный GIF - SolveMyMedia
SolveMyMedia - Free Online Media Optimization Tools",text/html; charset=utf-8,false,200,0,true,26,false,https://solvemymedia.com/id/membuat-gif
21,https://solvemymedia.com/ar/thwyl-lswt,"تحويل صيغ الصوت - محول الصوت المجاني على الإنترنت - SolveMyMedia
SolveMyMedia - Free Online Media Optimization Tools",text/html; charset=utf-8,false,200,0,true,26,false,https://solvemymedia.com/id/mengkonversi-audio
21,https://solvemymedia.com/cs/oriznout-video,"Oříznout video online – bezplatný nástroj pro oříznutí videa - SolveMyMedia
SolveMyMedia - Free Online Media Optimization Tools",text/html; charset=utf-8,false,200,0,true,27,false,https://solvemymedia.com/crop-video
21,https://solvemymedia.com/uk/vimknuti-video,"Вимкнути відео в Інтернеті - видалити аудіо з відео - SolveMyMedia
SolveMyMedia - Free Online Media Optimization Tools",text/html; charset=utf-8,false,200,0,true,27,false,https://solvemymedia.com/mute-video
21,https://solvemymedia.com/da/oprette-gif,"Video til GIF Maker - Konverter video til animeret GIF - SolveMyMedia
SolveMyMedia - Free Online Media Optimization Tools",text/html; charset=utf-8,false,200,0,true,26,false,https://solvemymedia.com/id/membuat-gif
21,https://solvemymedia.com/fi/videon-nopeus,"Muuta videon nopeutta - Nopea ja hidastettu videoeditori - SolveMyMedia
SolveMyMedia - Free Online Media Optimization Tools",text/html; charset=utf-8,false,200,0,true,27,false,https://solvemymedia.com/video-speed
21,https://solvemymedia.com/el/ihitika-erga,"Συγχώνευση αρχείων ήχου - Δωρεάν Audio Joiner - SolveMyMedia
SolveMyMedia - Free Online Media Optimization Tools",text/html; charset=utf-8,false,200,0,true,27,false,https://solvemymedia.com/merge-audio
21,https://solvemymedia.com/ro/recorder,"Screen & Audio Recorder - Înregistrare gratuită în studio - SolveMyMedia
SolveMyMedia - Free Online Media Optimization Tools",text/html; charset=utf-8,false,200,0,true,26,false,https://solvemymedia.com/id/perekam
21,https://solvemymedia.com/hi/rikonrddr,"स्क्रीन और ऑडियो रिकॉर्डर - निःशुल्क स्टूडियो रिकॉर्डिंग - SolveMyMedia
SolveMyMedia - Free Online Media Optimization Tools",text/html; charset=utf-8,false,200,0,true,26,false,https://solvemymedia.com/id/perekam
21,https://solvemymedia.com/ms/menukar-audio,"Tukar Format Audio - Penukar Audio Dalam Talian Percuma - SolveMyMedia
SolveMyMedia - Free Online Media Optimization Tools",text/html; charset=utf-8,false,200,0,true,26,false,https://solvemymedia.com/id/mengkonversi-audio
21,https://solvemymedia.com/hi/ttaaip-krnaa,"ऑडियो और वीडियो ट्रांस्क्रिप्शन - एआई स्पीच टू टेक्स्ट - SolveMyMedia
SolveMyMedia - Free Online Media Optimization Tools",text/html; charset=utf-8,false,200,0,true,26,false,https://solvemymedia.com/id/menuliskan
21,https://solvemymedia.com/ro/sunetul-video,"Dezactivați sunetul video online - Eliminați sunetul din videoclip - SolveMyMedia
SolveMyMedia - Free Online Media Optimization Tools",text/html; charset=utf-8,false,200,0,true,27,false,https://solvemymedia.com/mute-video
21,https://solvemymedia.com/da/komprimere-video,"Komprimer video online - Gratis sikker videokompressor - SolveMyMedia
SolveMyMedia - Free Online Media Optimization Tools",text/html; charset=utf-8,false,200,0,true,26,false,https://solvemymedia.com/id/kompres-video
21,https://solvemymedia.com/tr/sesi-donustur,"Ses Formatlarını Dönüştür - Ücretsiz Çevrimiçi Ses Dönüştürücü - SolveMyMedia
SolveMyMedia - Free Online Media Optimization Tools",text/html; charset=utf-8,false,200,0,true,26,false,https://solvemymedia.com/id/mengkonversi-audio
21,https://solvemymedia.com/pl/wideo-do-dzwieku,"Wyodrębnij audio z wideo - konwerter wideo na MP3 - SolveMyMedia
SolveMyMedia - Free Online Media Optimization Tools",text/html; charset=utf-8,false,200,0,true,26,false,https://solvemymedia.com/id/video-ke-audio
21,https://solvemymedia.com/hi/viiddiyo-privrtit-kren,"वीडियो प्रारूप परिवर्तित करें - मुफ़्त ऑनलाइन वीडियो कनवर्टर - SolveMyMedia
SolveMyMedia - Free Online Media Optimization Tools",text/html; charset=utf-8,false,200,0,true,26,false,https://solvemymedia.com/id/mengkonversi-video
21,https://solvemymedia.com/ko/bidio-sogdo,"비디오 속도 변경 - 패스트 & 슬로우 모션 비디오 편집기 - SolveMyMedia
SolveMyMedia - Free Online Media Optimization Tools",text/html; charset=utf-8,false,200,0,true,27,false,https://solvemymedia.com/video-speed
21,https://solvemymedia.com/th/sraangkif,"Video to GIF Maker - แปลงวิดีโอเป็น GIF แบบเคลื่อนไหว - SolveMyMedia
SolveMyMedia - Free Online Media Optimization Tools",text/html; charset=utf-8,false,200,0,true,26,false,https://solvemymedia.com/id/membuat-gif
21,https://solvemymedia.com/hi/vonttrmaark-viiddiyo,"वीडियो में वॉटरमार्क जोड़ें - अपने मीडिया को सुरक्षित रखें - SolveMyMedia
SolveMyMedia - Free Online Media Optimization Tools",text/html; charset=utf-8,false,200,0,true,27,false,https://solvemymedia.com/watermark-video
21,https://solvemymedia.com/nl/audio-werkt,"Audiobestanden samenvoegen - Gratis audio-joiner - SolveMyMedia
SolveMyMedia - Free Online Media Optimization Tools",text/html; charset=utf-8,false,200,0,true,27,false,https://solvemymedia.com/merge-audio
21,https://solvemymedia.com/it/laudio-funziona,"Unisci file audio - Joiner audio gratuito - SolveMyMedia
SolveMyMedia - Free Online Media Optimization Tools",text/html; charset=utf-8,false,200,0,true,27,false,https://solvemymedia.com/merge-audio
21,https://solvemymedia.com/no/opptaker,"Skjerm- og lydopptaker - Gratis studioopptak - SolveMyMedia
SolveMyMedia - Free Online Media Optimization Tools",text/html; charset=utf-8,false,200,0,true,26,false,https://solvemymedia.com/id/perekam
21,https://solvemymedia.com/hi/onddiyo-snpiiddit-kren,"ऑडियो ऑनलाइन कंप्रेस करें - मुफ़्त ऑडियो कंप्रेसर - SolveMyMedia
SolveMyMedia - Free Online Media Optimization Tools",text/html; charset=utf-8,false,200,0,true,26,false,https://solvemymedia.com/id/kompres-audio
21,https://solvemymedia.com/it/video-filigrana,"Aggiungi filigrana al video: proteggi i tuoi contenuti multimediali - SolveMyMedia
SolveMyMedia - Free Online Media Optimization Tools",text/html; charset=utf-8,false,200,0,true,27,false,https://solvemymedia.com/watermark-video
21,https://solvemymedia.com/hu/felvevo,"Képernyő- és hangrögzítő – Ingyenes stúdiófelvétel - SolveMyMedia
SolveMyMedia - Free Online Media Optimization Tools",text/html; charset=utf-8,false,200,0,true,26,false,https://solvemymedia.com/id/perekam
21,https://solvemymedia.com/th/biibadesiiyng,"บีบอัดเสียงออนไลน์ - บีบอัดเสียงฟรี - SolveMyMedia
SolveMyMedia - Free Online Media Optimization Tools",text/html; charset=utf-8,false,200,0,true,26,false,https://solvemymedia.com/id/kompres-audio
21,https://solvemymedia.com/sv/inspelare,"Skärm- och ljudinspelare - Gratis studioinspelning - SolveMyMedia
SolveMyMedia - Free Online Media Optimization Tools",text/html; charset=utf-8,false,200,0,true,26,false,https://solvemymedia.com/id/perekam
21,https://solvemymedia.com/ru/perepisyvat,"Транскрипция аудио и видео — преобразование речи AI в текст - SolveMyMedia
SolveMyMedia - Free Online Media Optimization Tools",text/html; charset=utf-8,false,200,0,true,26,false,https://solvemymedia.com/id/menuliskan
21,https://solvemymedia.com/uk/stiskati-audio,"Compress Audio Online - безкоштовний аудіокомпресор - SolveMyMedia
SolveMyMedia - Free Online Media Optimization Tools",text/html; charset=utf-8,false,200,0,true,26,false,https://solvemymedia.com/id/kompres-audio
21,https://solvemymedia.com/it/comprimere-laudio,"Comprimi audio online: compressore audio gratuito - SolveMyMedia
SolveMyMedia - Free Online Media Optimization Tools",text/html; charset=utf-8,false,200,0,true,26,false,https://solvemymedia.com/id/kompres-audio
21,https://solvemymedia.com/ko/gocyeo-sseuda,"오디오 및 비디오 전사 - AI 음성을 텍스트로 변환 - SolveMyMedia
SolveMyMedia - Free Online Media Optimization Tools",text/html; charset=utf-8,false,200,0,true,26,false,https://solvemymedia.com/id/menuliskan
21,https://solvemymedia.com/pt/gravadora,"Gravador de tela e áudio - gravação gratuita em estúdio - SolveMyMedia
SolveMyMedia - Free Online Media Optimization Tools",text/html; charset=utf-8,false,200,0,true,26,false,https://solvemymedia.com/id/perekam
21,https://solvemymedia.com/no/beskjaere-video,"Crop Video Online - Gratis Video Cropper Tool - SolveMyMedia
SolveMyMedia - Free Online Media Optimization Tools",text/html; charset=utf-8,false,200,0,true,27,false,https://solvemymedia.com/crop-video
21,https://solvemymedia.com/th/ekhruuengbanthuek,"เครื่องบันทึกหน้าจอและเสียง - บันทึกสตูดิโอฟรี - SolveMyMedia
SolveMyMedia - Free Online Media Optimization Tools",text/html; charset=utf-8,false,200,0,true,26,false,https://solvemymedia.com/id/perekam
21,https://solvemymedia.com/hu/hangot-konvertalni,"Hangformátumok konvertálása - Ingyenes online audio konverter - SolveMyMedia
SolveMyMedia - Free Online Media Optimization Tools",text/html; charset=utf-8,false,200,0,true,26,false,https://solvemymedia.com/id/mengkonversi-audio
21,https://solvemymedia.com/hu/video-nemitasa,"Videó némítása online – Hang eltávolítása a videóból - SolveMyMedia
SolveMyMedia - Free Online Media Optimization Tools",text/html; charset=utf-8,false,200,0,true,27,false,https://solvemymedia.com/mute-video
21,https://solvemymedia.com/el/vinteo-se-iho,"Εξαγωγή ήχου από βίντεο - Μετατροπέας βίντεο σε MP3 - SolveMyMedia
SolveMyMedia - Free Online Media Optimization Tools",text/html; charset=utf-8,false,200,0,true,26,false,https://solvemymedia.com/id/video-ke-audio
21,https://solvemymedia.com/ru/video-s-vodyanymi-znakami,"Добавьте водяной знак к видео – защитите свои медиафайлы - SolveMyMedia
SolveMyMedia - Free Online Media Optimization Tools",text/html; charset=utf-8,false,200,0,true,27,false,https://solvemymedia.com/watermark-video
21,https://solvemymedia.com/hu/videorol-hangra,"Hang kivonása a videóból - Video MP3 konverter - SolveMyMedia
SolveMyMedia - Free Online Media Optimization Tools",text/html; charset=utf-8,false,200,0,true,26,false,https://solvemymedia.com/id/video-ke-audio
21,https://solvemymedia.com/ro/converti-audio,"Convertiți formate audio - Convertor audio online gratuit - SolveMyMedia
SolveMyMedia - Free Online Media Optimization Tools",text/html; charset=utf-8,false,200,0,true,26,false,https://solvemymedia.com/id/mengkonversi-audio
21,https://solvemymedia.com/ar/fydyw-laalm-lmyy,"أضف علامة مائية إلى الفيديو - قم بحماية الوسائط الخاصة بك - SolveMyMedia
SolveMyMedia - Free Online Media Optimization Tools",text/html; charset=utf-8,false,200,0,true,27,false,https://solvemymedia.com/watermark-video
21,https://solvemymedia.com/cs/komprimovat-zvuk,"Komprese zvuku online – bezplatný zvukový kompresor - SolveMyMedia
SolveMyMedia - Free Online Media Optimization Tools",text/html; charset=utf-8,false,200,0,true,26,false,https://solvemymedia.com/id/kompres-audio
21,https://solvemymedia.com/th/thdesiiyng,"การถอดเสียงและวิดีโอ - คำพูด AI เป็นข้อความ - SolveMyMedia
SolveMyMedia - Free Online Media Optimization Tools",text/html; charset=utf-8,false,200,0,true,26,false,https://solvemymedia.com/id/menuliskan
21,https://solvemymedia.com/pl/kompresowac-dzwiek,"Kompresuj dźwięk online - darmowy kompresor audio - SolveMyMedia
SolveMyMedia - Free Online Media Optimization Tools",text/html; charset=utf-8,false,200,0,true,26,false,https://solvemymedia.com/id/kompres-audio
21,https://solvemymedia.com/it/creare-una-gif,"Video to GIF Maker: converti video in GIF animate - SolveMyMedia
SolveMyMedia - Free Online Media Optimization Tools",text/html; charset=utf-8,false,200,0,true,26,false,https://solvemymedia.com/id/membuat-gif
21,https://solvemymedia.com/fi/muuntaa-aanta,"Muunna ääniformaatteja - ilmainen online-äänimuunnin - SolveMyMedia
SolveMyMedia - Free Online Media Optimization Tools",text/html; charset=utf-8,false,200,0,true,26,false,https://solvemymedia.com/id/mengkonversi-audio
21,https://solvemymedia.com/th/biibadwidiio,"บีบอัดวิดีโอออนไลน์ - โปรแกรมบีบอัดวิดีโอที่ปลอดภัยฟรี - SolveMyMedia
SolveMyMedia - Free Online Media Optimization Tools",text/html; charset=utf-8,false,200,0,true,26,false,https://solvemymedia.com/id/kompres-video
21,https://solvemymedia.com/tr/videoyu-kirp,"Videoyu Çevrimiçi Kırp - Ücretsiz Video Kırpma Aracı - SolveMyMedia
SolveMyMedia - Free Online Media Optimization Tools",text/html; charset=utf-8,false,200,0,true,27,false,https://solvemymedia.com/crop-video
21,https://solvemymedia.com/pl/rozpisac,"Transkrypcja audio i wideo — mowa AI na tekst - SolveMyMedia
SolveMyMedia - Free Online Media Optimization Tools",text/html; charset=utf-8,false,200,0,true,26,false,https://solvemymedia.com/id/menuliskan
21,https://solvemymedia.com/ru/audio-rabotaet,"Объединить аудиофайлы - Бесплатная программа для объединения аудио - SolveMyMedia
SolveMyMedia - Free Online Media Optimization Tools",text/html; charset=utf-8,false,200,0,true,27,false,https://solvemymedia.com/merge-audio
21,https://solvemymedia.com/nl/watermerkvideo,"Voeg een watermerk toe aan video - Bescherm uw media - SolveMyMedia
SolveMyMedia - Free Online Media Optimization Tools",text/html; charset=utf-8,false,200,0,true,27,false,https://solvemymedia.com/watermark-video
21,https://solvemymedia.com/pl/wideo-ze-znakiem-wodnym,"Dodaj znak wodny do wideo — chroń swoje multimedia - SolveMyMedia
SolveMyMedia - Free Online Media Optimization Tools",text/html; charset=utf-8,false,200,0,true,27,false,https://solvemymedia.com/watermark-video
21,https://solvemymedia.com/hi/viiddiyo-kii-gti,"वीडियो की गति बदलें - तेज़ और धीमी गति वाला वीडियो संपादक - SolveMyMedia
SolveMyMedia - Free Online Media Optimization Tools",text/html; charset=utf-8,false,200,0,true,27,false,https://solvemymedia.com/video-speed
21,https://solvemymedia.com/vi/tao-anh-gif,"Video to GIF Maker - Chuyển đổi video thành GIF động - SolveMyMedia
SolveMyMedia - Free Online Media Optimization Tools",text/html; charset=utf-8,false,200,0,true,26,false,https://solvemymedia.com/id/membuat-gif
21,https://solvemymedia.com/th/esiiyngaichngaanaid,"รวมไฟล์เสียง - โปรแกรมเชื่อมต่อเสียงฟรี - SolveMyMedia
SolveMyMedia - Free Online Media Optimization Tools",text/html; charset=utf-8,false,200,0,true,27,false,https://solvemymedia.com/merge-audio
21,https://solvemymedia.com/tr/videodan-sese,"Videodan Sesi Çıkarma - Videodan MP3'e Dönüştürücü - SolveMyMedia
SolveMyMedia - Free Online Media Optimization Tools",text/html; charset=utf-8,false,200,0,true,26,false,https://solvemymedia.com/id/video-ke-audio
21,https://solvemymedia.com/hi/onddiyo-kaam-krtaa-hai,"ऑडियो फ़ाइलें मर्ज करें - निःशुल्क ऑडियो जॉइनर - SolveMyMedia
SolveMyMedia - Free Online Media Optimization Tools",text/html; charset=utf-8,false,200,0,true,27,false,https://solvemymedia.com/merge-audio
21,https://solvemymedia.com/nl/videosnelheid,"Verander de videosnelheid - Snelle en slow motion video-editor - SolveMyMedia
SolveMyMedia - Free Online Media Optimization Tools",text/html; charset=utf-8,false,200,0,true,27,false,https://solvemymedia.com/video-speed
21,https://solvemymedia.com/hi/phsl-viiddiyo,"क्रॉप वीडियो ऑनलाइन - मुफ़्त वीडियो क्रॉपर टूल - SolveMyMedia
SolveMyMedia - Free Online Media Optimization Tools",text/html; charset=utf-8,false,200,0,true,27,false,https://solvemymedia.com/crop-video
21,https://solvemymedia.com/tr/uyarlamak,"Ses ve Video Transkripsiyonu - Yapay Zeka Konuşmasını Metne Dönüştürme - SolveMyMedia
SolveMyMedia - Free Online Media Optimization Tools",text/html; charset=utf-8,false,200,0,true,26,false,https://solvemymedia.com/id/menuliskan
21,https://solvemymedia.com/th/aeplngwidiio,"แปลงรูปแบบวิดีโอ - แปลงวิดีโอออนไลน์ฟรี - SolveMyMedia
SolveMyMedia - Free Online Media Optimization Tools",text/html; charset=utf-8,false,200,0,true,26,false,https://solvemymedia.com/id/mengkonversi-video
21,https://solvemymedia.com/ro/converti-video,"Convertiți formate video - Convertor video online gratuit - SolveMyMedia
SolveMyMedia - Free Online Media Optimization Tools",text/html; charset=utf-8,false,200,0,true,26,false,https://solvemymedia.com/id/mengkonversi-video
21,https://solvemymedia.com/pl/utworz-gifa,"Kreator wideo do GIF - Konwertuj wideo na animowany GIF - SolveMyMedia
SolveMyMedia - Free Online Media Optimization Tools",text/html; charset=utf-8,false,200,0,true,26,false,https://solvemymedia.com/id/membuat-gif
21,https://solvemymedia.com/fi/mykistaa-videon,"Mykistä video verkossa - Poista ääni videosta - SolveMyMedia
SolveMyMedia - Free Online Media Optimization Tools",text/html; charset=utf-8,false,200,0,true,27,false,https://solvemymedia.com/mute-video
21,https://solvemymedia.com/ru/otklyuchit-video,"Отключить звук онлайн - удалить звук из видео - SolveMyMedia
SolveMyMedia - Free Online Media Optimization Tools",text/html; charset=utf-8,false,200,0,true,27,false,https://solvemymedia.com/mute-video
21,https://solvemymedia.com/el/sympiesi-ihoy,"Compress Audio Online - Δωρεάν Audio Compressor - SolveMyMedia
SolveMyMedia - Free Online Media Optimization Tools",text/html; charset=utf-8,false,200,0,true,26,false,https://solvemymedia.com/id/kompres-audio
21,https://solvemymedia.com/ar/sraa-lfydyw,"تغيير سرعة الفيديو - محرر فيديو سريع وبطيء الحركة - SolveMyMedia
SolveMyMedia - Free Online Media Optimization Tools",text/html; charset=utf-8,false,200,0,true,27,false,https://solvemymedia.com/video-speed
21,https://solvemymedia.com/el/ydatografima-vinteo,"Προσθήκη υδατογραφήματος στο βίντεο - Προστατέψτε τα πολυμέσα σας - SolveMyMedia
SolveMyMedia - Free Online Media Optimization Tools",text/html; charset=utf-8,false,200,0,true,27,false,https://solvemymedia.com/watermark-video
21,https://solvemymedia.com/el/metatropi-ihoy,"Μετατροπή μορφών ήχου - Δωρεάν διαδικτυακός μετατροπέας ήχου - SolveMyMedia
SolveMyMedia - Free Online Media Optimization Tools",text/html; charset=utf-8,false,200,0,true,26,false,https://solvemymedia.com/id/mengkonversi-audio
21,https://solvemymedia.com/ko/bidio-jareugi,"온라인으로 비디오 자르기 - 무료 비디오 자르기 도구 - SolveMyMedia
SolveMyMedia - Free Online Media Optimization Tools",text/html; charset=utf-8,false,200,0,true,27,false,https://solvemymedia.com/crop-video
21,https://solvemymedia.com/th/khrbtadwidiio,"ครอบตัดวิดีโอออนไลน์ - เครื่องมือครอบตัดวิดีโอฟรี - SolveMyMedia
SolveMyMedia - Free Online Media Optimization Tools",text/html; charset=utf-8,false,200,0,true,27,false,https://solvemymedia.com/crop-video
21,https://solvemymedia.com/uk/transkribuvati,"Транскрипція аудіо та відео - ШІ-мовлення в текст - SolveMyMedia
SolveMyMedia - Free Online Media Optimization Tools",text/html; charset=utf-8,false,200,0,true,26,false,https://solvemymedia.com/id/menuliskan
21,https://solvemymedia.com/pt/video-de-marca-dagua,"Adicione marca d'água ao vídeo - proteja sua mídia - SolveMyMedia
SolveMyMedia - Free Online Media Optimization Tools",text/html; charset=utf-8,false,200,0,true,27,false,https://solvemymedia.com/watermark-video
21,https://solvemymedia.com/it/ritagliare-il-video,"Ritaglia video online: strumento gratuito per ritagliare video - SolveMyMedia
SolveMyMedia - Free Online Media Optimization Tools",text/html; charset=utf-8,false,200,0,true,27,false,https://solvemymedia.com/crop-video
21,https://solvemymedia.com/th/khwaamerwwidiio,"เปลี่ยนความเร็ววิดีโอ - โปรแกรมตัดต่อวิดีโอเร็วและช้า - SolveMyMedia
SolveMyMedia - Free Online Media Optimization Tools",text/html; charset=utf-8,false,200,0,true,27,false,https://solvemymedia.com/video-speed
21,https://solvemymedia.com/fi/aani-toimii,"Yhdistä äänitiedostoja - ilmainen äänipuuseppä - SolveMyMedia
SolveMyMedia - Free Online Media Optimization Tools",text/html; charset=utf-8,false,200,0,true,27,false,https://solvemymedia.com/merge-audio
21,https://solvemymedia.com/hu/tomoriti-a-hangot,"Audio tömörítése online - Ingyenes hangkompresszor - SolveMyMedia
SolveMyMedia - Free Online Media Optimization Tools",text/html; charset=utf-8,false,200,0,true,26,false,https://solvemymedia.com/id/kompres-audio
21,https://solvemymedia.com/el/antigrafo,"Μεταγραφή ήχου και βίντεο - AI Ομιλία σε κείμενο - SolveMyMedia
SolveMyMedia - Free Online Media Optimization Tools",text/html; charset=utf-8,false,200,0,true,26,false,https://solvemymedia.com/id/menuliskan
21,https://solvemymedia.com/da/daempe-video,"Slå video fra online - Fjern lyd fra video - SolveMyMedia
SolveMyMedia - Free Online Media Optimization Tools",text/html; charset=utf-8,false,200,0,true,27,false,https://solvemymedia.com/mute-video
21,https://solvemymedia.com/vi/hinh-mo-video,"Thêm hình mờ vào video - Bảo vệ phương tiện của bạn - SolveMyMedia
SolveMyMedia - Free Online Media Optimization Tools",text/html; charset=utf-8,false,200,0,true,27,false,https://solvemymedia.com/watermark-video
21,https://solvemymedia.com/pl/kompresowac-wideo,"Kompresuj wideo online — bezpłatny, bezpieczny kompresor wideo - SolveMyMedia
SolveMyMedia - Free Online Media Optimization Tools",text/html; charset=utf-8,false,200,0,true,26,false,https://solvemymedia.com/id/kompres-video
21,https://solvemymedia.com/no/lyd-fungerer,"Slå sammen lydfiler - Gratis lydsnekker - SolveMyMedia
SolveMyMedia - Free Online Media Optimization Tools",text/html; charset=utf-8,false,200,0,true,27,false,https://solvemymedia.com/merge-audio
21,https://solvemymedia.com/ar/thwyl-lfydyw,"تحويل صيغ الفيديو - محول الفيديو المجاني على الإنترنت - SolveMyMedia
SolveMyMedia - Free Online Media Optimization Tools",text/html; charset=utf-8,false,200,0,true,26,false,https://solvemymedia.com/id/mengkonversi-video
21,https://solvemymedia.com/pl/dziala-dzwiek,"Scal pliki audio - darmowy program do łączenia plików audio - SolveMyMedia
SolveMyMedia - Free Online Media Optimization Tools",text/html; charset=utf-8,false,200,0,true,27,false,https://solvemymedia.com/merge-audio
21,https://solvemymedia.com/pl/wyciszenie-wideo,"Wycisz wideo online — usuń dźwięk z wideo - SolveMyMedia
SolveMyMedia - Free Online Media Optimization Tools",text/html; charset=utf-8,false,200,0,true,27,false,https://solvemymedia.com/mute-video
21,https://solvemymedia.com/ko/yeongsang-eumsogeo,"온라인 비디오 음소거 - 비디오에서 오디오 제거 - SolveMyMedia
SolveMyMedia - Free Online Media Optimization Tools",text/html; charset=utf-8,false,200,0,true,27,false,https://solvemymedia.com/mute-video
21,https://solvemymedia.com/da/lyd-virker,"Flet lydfiler - Gratis lydsnedker - SolveMyMedia
SolveMyMedia - Free Online Media Optimization Tools",text/html; charset=utf-8,false,200,0,true,27,false,https://solvemymedia.com/merge-audio
21,https://solvemymedia.com/vi/chep-lai,"Phiên âm âm thanh & video - AI chuyển lời nói thành văn bản - SolveMyMedia
SolveMyMedia - Free Online Media Optimization Tools",text/html; charset=utf-8,false,200,0,true,26,false,https://solvemymedia.com/id/menuliskan
21,https://solvemymedia.com/hi/gif-bnaaen,"वीडियो से GIF मेकर - वीडियो को एनिमेटेड GIF में बदलें - SolveMyMedia
SolveMyMedia - Free Online Media Optimization Tools",text/html; charset=utf-8,false,200,0,true,26,false,https://solvemymedia.com/id/membuat-gif
21,https://solvemymedia.com/ms/video-tera-air,"Tambahkan Tera Air pada Video - Lindungi Media Anda - SolveMyMedia
SolveMyMedia - Free Online Media Optimization Tools",text/html; charset=utf-8,false,200,0,true,27,false,https://solvemymedia.com/watermark-video
21,https://solvemymedia.com/it/video-muto,"Disattiva l'audio del video online: rimuovi l'audio dal video - SolveMyMedia
SolveMyMedia - Free Online Media Optimization Tools",text/html; charset=utf-8,false,200,0,true,27,false,https://solvemymedia.com/mute-video
21,https://solvemymedia.com/ar/lfydyw-l-lswt,"استخراج الصوت من الفيديو - فيديو لتحويل MP3 - SolveMyMedia
SolveMyMedia - Free Online Media Optimization Tools",text/html; charset=utf-8,false,200,0,true,26,false,https://solvemymedia.com/id/video-ke-audio
21,https://solvemymedia.com/ru/szhimat-audio,"Сжатие аудио онлайн — бесплатный аудиокомпрессор - SolveMyMedia
SolveMyMedia - Free Online Media Optimization Tools",text/html; charset=utf-8,false,200,0,true,26,false,https://solvemymedia.com/id/kompres-audio
21,https://solvemymedia.com/it/convertire-video,"Converti formati video: convertitore video online gratuito - SolveMyMedia
SolveMyMedia - Free Online Media Optimization Tools",text/html; charset=utf-8,false,200,0,true,26,false,https://solvemymedia.com/id/mengkonversi-video
21,https://solvemymedia.com/el/mihanima-eggrafis,"Screen & Audio Recorder - Δωρεάν εγγραφή στο Studio - SolveMyMedia
SolveMyMedia - Free Online Media Optimization Tools",text/html; charset=utf-8,false,200,0,true,26,false,https://solvemymedia.com/id/perekam
21,https://solvemymedia.com/th/widiiolaaynam,"เพิ่มลายน้ำให้กับวิดีโอ - ปกป้องสื่อของคุณ - SolveMyMedia
SolveMyMedia - Free Online Media Optimization Tools",text/html; charset=utf-8,false,200,0,true,27,false,https://solvemymedia.com/watermark-video
21,https://solvemymedia.com/el/tahytita-vinteo,"Αλλαγή ταχύτητας βίντεο - Πρόγραμμα επεξεργασίας βίντεο γρήγορης και αργής κίνησης - SolveMyMedia
SolveMyMedia - Free Online Media Optimization Tools",text/html; charset=utf-8,false,200,0,true,27,false,https://solvemymedia.com/video-speed
21,https://solvemymedia.com/da/konvertere-video,"Konverter videoformater - Gratis online videokonverter - SolveMyMedia
SolveMyMedia - Free Online Media Optimization Tools",text/html; charset=utf-8,false,200,0,true,26,false,https://solvemymedia.com/id/mengkonversi-video
21,https://solvemymedia.com/el/metatropi-vinteo,"Μετατροπή μορφών βίντεο - Δωρεάν διαδικτυακός μετατροπέας βίντεο - SolveMyMedia
SolveMyMedia - Free Online Media Optimization Tools",text/html; charset=utf-8,false,200,0,true,26,false,https://solvemymedia.com/id/mengkonversi-video
21,https://solvemymedia.com/hu/vizjel-video,"Vízjel hozzáadása a videóhoz – Védje meg médiáját - SolveMyMedia
SolveMyMedia - Free Online Media Optimization Tools",text/html; charset=utf-8,false,200,0,true,27,false,https://solvemymedia.com/watermark-video
21,https://solvemymedia.com/tr/ses-isleri,"Ses Dosyalarını Birleştir - Ücretsiz Ses Birleştirici - SolveMyMedia
SolveMyMedia - Free Online Media Optimization Tools",text/html; charset=utf-8,false,200,0,true,27,false,https://solvemymedia.com/merge-audio
21,https://solvemymedia.com/hi/viiddiyo-snpiiddit-kren,"ऑनलाइन वीडियो कंप्रेस करें - निःशुल्क सुरक्षित वीडियो कंप्रेसर - SolveMyMedia
SolveMyMedia - Free Online Media Optimization Tools",text/html; charset=utf-8,false,200,0,true,26,false,https://solvemymedia.com/id/kompres-video
21,https://solvemymedia.com/ar/fydyw-lmhsyl,"قص الفيديو عبر الإنترنت - أداة قص الفيديو المجانية - SolveMyMedia
SolveMyMedia - Free Online Media Optimization Tools",text/html; charset=utf-8,false,200,0,true,27,false,https://solvemymedia.com/crop-video
21,https://solvemymedia.com/da/beskaer-video,"Beskær video online - Gratis videobeskæringsværktøj - SolveMyMedia
SolveMyMedia - Free Online Media Optimization Tools",text/html; charset=utf-8,false,200,0,true,27,false,https://solvemymedia.com/crop-video
21,https://solvemymedia.com/vi/am-thanh-hoat-dong,"Hợp nhất các tập tin âm thanh - Trình nối âm thanh miễn phí - SolveMyMedia
SolveMyMedia - Free Online Media Optimization Tools",text/html; charset=utf-8,false,200,0,true,27,false,https://solvemymedia.com/merge-audio
21,https://solvemymedia.com/nl/opnameapparaat,"Scherm- en audiorecorder - Gratis studio-opname - SolveMyMedia
SolveMyMedia - Free Online Media Optimization Tools",text/html; charset=utf-8,false,200,0,true,26,false,https://solvemymedia.com/id/perekam
21,https://solvemymedia.com/vi/video-thanh-am-thanh,"Trích xuất âm thanh từ video - Chuyển đổi video sang MP3 - SolveMyMedia
SolveMyMedia - Free Online Media Optimization Tools",text/html; charset=utf-8,false,200,0,true,26,false,https://solvemymedia.com/id/video-ke-audio
21,https://solvemymedia.com/cs/prevest-zvuk,"Převod audio formátů – bezplatný online audio převodník - SolveMyMedia
SolveMyMedia - Free Online Media Optimization Tools",text/html; charset=utf-8,false,200,0,true,26,false,https://solvemymedia.com/id/mengkonversi-audio
21,https://solvemymedia.com/zh/shui-yin-shi-pin,"为视频添加水印 - 保护您的媒体 - SolveMyMedia
SolveMyMedia - Free Online Media Optimization Tools",text/html; charset=utf-8,false,200,0,true,27,false,https://solvemymedia.com/watermark-video
21,https://solvemymedia.com/da/konvertere-lyd,"Konverter lydformater - Gratis online lydkonverter - SolveMyMedia
SolveMyMedia - Free Online Media Optimization Tools",text/html; charset=utf-8,false,200,0,true,26,false,https://solvemymedia.com/id/mengkonversi-audio
21,https://solvemymedia.com/cs/video-s-vodoznakem,"Přidat vodoznak do videa – Chraňte svá média - SolveMyMedia
SolveMyMedia - Free Online Media Optimization Tools",text/html; charset=utf-8,false,200,0,true,27,false,https://solvemymedia.com/watermark-video
21,https://solvemymedia.com/fi/videosta-aaneksi,"Pura ääni videosta - Video MP3 Converter - SolveMyMedia
SolveMyMedia - Free Online Media Optimization Tools",text/html; charset=utf-8,false,200,0,true,26,false,https://solvemymedia.com/id/video-ke-audio
21,https://solvemymedia.com/ro/video-in-audio,"Extrage audio din video - Convertor video în MP3 - SolveMyMedia
SolveMyMedia - Free Online Media Optimization Tools",text/html; charset=utf-8,false,200,0,true,26,false,https://solvemymedia.com/id/video-ke-audio
21,https://solvemymedia.com/no/dempe-video,"Demp video på nettet - Fjern lyd fra video - SolveMyMedia
SolveMyMedia - Free Online Media Optimization Tools",text/html; charset=utf-8,false,200,0,true,27,false,https://solvemymedia.com/mute-video
21,https://solvemymedia.com/fi/tallennin,"Näytön ja äänen tallennin - ilmainen studiotallennus - SolveMyMedia
SolveMyMedia - Free Online Media Optimization Tools",text/html; charset=utf-8,false,200,0,true,26,false,https://solvemymedia.com/id/perekam
21,https://solvemymedia.com/no/transkribere,"Lyd- og videotranskripsjon - AI tale til tekst - SolveMyMedia
SolveMyMedia - Free Online Media Optimization Tools",text/html; charset=utf-8,false,200,0,true,26,false,https://solvemymedia.com/id/menuliskan
21,https://solvemymedia.com/ar/nsh-swr-mthrk,"Video to GIF Maker - تحويل الفيديو إلى GIF المتحركة - SolveMyMedia
SolveMyMedia - Free Online Media Optimization Tools",text/html; charset=utf-8,false,200,0,true,26,false,https://solvemymedia.com/id/membuat-gif
