PR,URL,Title,Content type,Is rendered page,HTTP status code,Organic traffic,Depth,Title patch,Title patch status,Title length,No. of titles,Is indexable page
23,https://solvemymedia.com/terms-of-service,"seoTermsTitle
SolveMyMedia - Free Online Media Optimization Tools",text/html; charset=utf-8,false,200,0,0,,,"13
51",2,true
22,https://solvemymedia.com/pl/terms-of-service,"seoTermsTitle
SolveMyMedia - Free Online Media Optimization Tools",text/html; charset=utf-8,false,200,0,0,,,"13
51",2,true
22,https://solvemymedia.com/id/terms-of-service,"seoTermsTitle
SolveMyMedia - Free Online Media Optimization Tools",text/html; charset=utf-8,false,200,0,0,,,"13
51",2,true
22,https://solvemymedia.com/tr/terms-of-service,"seoTermsTitle
SolveMyMedia - Free Online Media Optimization Tools",text/html; charset=utf-8,false,200,0,0,,,"13
51",2,true
22,https://solvemymedia.com/sv/terms-of-service,"seoTermsTitle
SolveMyMedia - Free Online Media Optimization Tools",text/html; charset=utf-8,false,200,0,0,,,"13
51",2,true
22,https://solvemymedia.com/fr/terms-of-service,"seoTermsTitle
SolveMyMedia - Free Online Media Optimization Tools",text/html; charset=utf-8,false,200,0,0,,,"13
51",2,true
22,https://solvemymedia.com/it/terms-of-service,"seoTermsTitle
SolveMyMedia - Free Online Media Optimization Tools",text/html; charset=utf-8,false,200,0,0,,,"13
51",2,true
22,https://solvemymedia.com/ar/terms-of-service,"seoTermsTitle
SolveMyMedia - Free Online Media Optimization Tools",text/html; charset=utf-8,false,200,0,0,,,"13
51",2,true
22,https://solvemymedia.com/ru/terms-of-service,"seoTermsTitle
SolveMyMedia - Free Online Media Optimization Tools",text/html; charset=utf-8,false,200,0,0,,,"13
51",2,true
22,https://solvemymedia.com/nl/terms-of-service,"seoTermsTitle
SolveMyMedia - Free Online Media Optimization Tools",text/html; charset=utf-8,false,200,0,0,,,"13
51",2,true
22,https://solvemymedia.com/no/terms-of-service,"seoTermsTitle
SolveMyMedia - Free Online Media Optimization Tools",text/html; charset=utf-8,false,200,0,0,,,"13
51",2,true
22,https://solvemymedia.com/ja/terms-of-service,"seoTermsTitle
SolveMyMedia - Free Online Media Optimization Tools",text/html; charset=utf-8,false,200,0,0,,,"13
51",2,true
22,https://solvemymedia.com/ro/terms-of-service,"seoTermsTitle
SolveMyMedia - Free Online Media Optimization Tools",text/html; charset=utf-8,false,200,0,0,,,"13
51",2,true
22,https://solvemymedia.com/hi/terms-of-service,"seoTermsTitle
SolveMyMedia - Free Online Media Optimization Tools",text/html; charset=utf-8,false,200,0,0,,,"13
51",2,true
22,https://solvemymedia.com/el/terms-of-service,"seoTermsTitle
SolveMyMedia - Free Online Media Optimization Tools",text/html; charset=utf-8,false,200,0,0,,,"13
51",2,true
22,https://solvemymedia.com/uk/terms-of-service,"seoTermsTitle
SolveMyMedia - Free Online Media Optimization Tools",text/html; charset=utf-8,false,200,0,0,,,"13
51",2,true
22,https://solvemymedia.com/ms/terms-of-service,"seoTermsTitle
SolveMyMedia - Free Online Media Optimization Tools",text/html; charset=utf-8,false,200,0,0,,,"13
51",2,true
22,https://solvemymedia.com/de/terms-of-service,"seoTermsTitle
SolveMyMedia - Free Online Media Optimization Tools",text/html; charset=utf-8,false,200,0,0,,,"13
51",2,true
22,https://solvemymedia.com/cs/terms-of-service,"seoTermsTitle
SolveMyMedia - Free Online Media Optimization Tools",text/html; charset=utf-8,false,200,0,0,,,"13
51",2,true
22,https://solvemymedia.com/vi/terms-of-service,"seoTermsTitle
SolveMyMedia - Free Online Media Optimization Tools",text/html; charset=utf-8,false,200,0,0,,,"13
51",2,true
22,https://solvemymedia.com/zh/terms-of-service,"seoTermsTitle
SolveMyMedia - Free Online Media Optimization Tools",text/html; charset=utf-8,false,200,0,0,,,"13
51",2,true
22,https://solvemymedia.com/fi/terms-of-service,"seoTermsTitle
SolveMyMedia - Free Online Media Optimization Tools",text/html; charset=utf-8,false,200,0,0,,,"13
51",2,true
22,https://solvemymedia.com/ko/terms-of-service,"seoTermsTitle
SolveMyMedia - Free Online Media Optimization Tools",text/html; charset=utf-8,false,200,0,0,,,"13
51",2,true
22,https://solvemymedia.com/es/terms-of-service,"seoTermsTitle
SolveMyMedia - Free Online Media Optimization Tools",text/html; charset=utf-8,false,200,0,0,,,"13
51",2,true
22,https://solvemymedia.com/th/terms-of-service,"seoTermsTitle
SolveMyMedia - Free Online Media Optimization Tools",text/html; charset=utf-8,false,200,0,0,,,"13
51",2,true
22,https://solvemymedia.com/da/terms-of-service,"seoTermsTitle
SolveMyMedia - Free Online Media Optimization Tools",text/html; charset=utf-8,false,200,0,0,,,"13
51",2,true
22,https://solvemymedia.com/hu/terms-of-service,"seoTermsTitle
SolveMyMedia - Free Online Media Optimization Tools",text/html; charset=utf-8,false,200,0,0,,,"13
51",2,true
22,https://solvemymedia.com/pt/terms-of-service,"seoTermsTitle
SolveMyMedia - Free Online Media Optimization Tools",text/html; charset=utf-8,false,200,0,0,,,"13
51",2,true
