PR,URL,Title,Content type,Is rendered page,HTTP status code,Organic traffic,Depth,H1,H1 length,No. of H1,Is indexable page
23,https://solvemymedia.com/compress-video,SolveMyMedia - Free Online Media Optimization Tools,text/html; charset=utf-8,false,200,0,0,,,0,true
23,https://solvemymedia.com/video-speed,"Change Video Speed - SolveMyMedia
SolveMyMedia - Free Online Media Optimization Tools",text/html; charset=utf-8,false,200,0,0,,,0,true
23,https://solvemymedia.com/terms-of-service,"seoTermsTitle
SolveMyMedia - Free Online Media Optimization Tools",text/html; charset=utf-8,false,200,0,0,,,0,true
23,https://solvemymedia.com/create-gif,SolveMyMedia - Free Online Media Optimization Tools,text/html; charset=utf-8,false,200,0,0,,,0,true
23,https://solvemymedia.com/convert-video,SolveMyMedia - Free Online Media Optimization Tools,text/html; charset=utf-8,false,200,0,0,,,0,true
23,https://solvemymedia.com/supported-languages,"Supported Languages - SolveMyMedia
SolveMyMedia - Free Online Media Optimization Tools",text/html; charset=utf-8,false,200,0,0,,,0,true
23,https://solvemymedia.com/pricing,"seoPricingTitle
SolveMyMedia - Free Online Media Optimization Tools",text/html; charset=utf-8,false,200,0,0,,,0,true
23,https://solvemymedia.com/watermark-video,"Add Watermark to Video - SolveMyMedia
SolveMyMedia - Free Online Media Optimization Tools",text/html; charset=utf-8,false,200,0,0,,,0,true
23,https://solvemymedia.com/privacy-policy,"seoPrivacyTitle
SolveMyMedia - Free Online Media Optimization Tools",text/html; charset=utf-8,false,200,0,0,,,0,true
23,https://solvemymedia.com/about-us,"seoAboutUsTitle
SolveMyMedia - Free Online Media Optimization Tools",text/html; charset=utf-8,false,200,0,0,,,0,true
23,https://solvemymedia.com/transcribe,SolveMyMedia - Free Online Media Optimization Tools,text/html; charset=utf-8,false,200,0,0,,,0,true
23,https://solvemymedia.com/compress-audio,SolveMyMedia - Free Online Media Optimization Tools,text/html; charset=utf-8,false,200,0,0,,,0,true
23,https://solvemymedia.com/,SolveMyMedia - Free Online Media Optimization Tools,text/html; charset=utf-8,false,200,0,0,,,0,true
23,https://solvemymedia.com/recorder,SolveMyMedia - Free Online Media Optimization Tools,text/html; charset=utf-8,false,200,0,0,,,0,true
23,https://solvemymedia.com/mute-video,"Mute Video Online - SolveMyMedia
SolveMyMedia - Free Online Media Optimization Tools",text/html; charset=utf-8,false,200,0,0,,,0,true
23,https://solvemymedia.com/security,"seoSecurityTitle
SolveMyMedia - Free Online Media Optimization Tools",text/html; charset=utf-8,false,200,0,0,,,0,true
23,https://solvemymedia.com/merge-audio,"Merge Audio Files - SolveMyMedia
SolveMyMedia - Free Online Media Optimization Tools",text/html; charset=utf-8,false,200,0,0,,,0,true
23,https://solvemymedia.com/video-to-audio,SolveMyMedia - Free Online Media Optimization Tools,text/html; charset=utf-8,false,200,0,0,,,0,true
23,https://solvemymedia.com/crop-video,"Crop Video Online - SolveMyMedia
SolveMyMedia - Free Online Media Optimization Tools",text/html; charset=utf-8,false,200,0,0,,,0,true
23,https://solvemymedia.com/convert-audio,SolveMyMedia - Free Online Media Optimization Tools,text/html; charset=utf-8,false,200,0,0,,,0,true
23,https://solvemymedia.com/compare,"seoCompareTitle
SolveMyMedia - Free Online Media Optimization Tools",text/html; charset=utf-8,false,200,0,0,,,0,true
22,https://solvemymedia.com/id/menuliskan,"Transkripsi Audio & Video - Pidato AI ke Teks - SolveMyMedia
SolveMyMedia - Free Online Media Optimization Tools",text/html; charset=utf-8,false,200,0,0,,,0,true
22,https://solvemymedia.com/id/perekam,"Perekam Layar & Audio - Rekaman Studio Gratis - SolveMyMedia
SolveMyMedia - Free Online Media Optimization Tools",text/html; charset=utf-8,false,200,0,0,,,0,true
21,https://solvemymedia.com/id/mengkonversi-audio,"Konversi Format Audio - Konverter Audio Online Gratis - SolveMyMedia
SolveMyMedia - Free Online Media Optimization Tools",text/html; charset=utf-8,false,200,0,0,,,0,true
21,https://solvemymedia.com/id/kompres-audio,"Kompres Audio Online - Kompresor Audio Gratis - SolveMyMedia
SolveMyMedia - Free Online Media Optimization Tools",text/html; charset=utf-8,false,200,0,0,,,0,true
21,https://solvemymedia.com/id/membuat-gif,"Pembuat Video ke GIF - Konversi Video ke GIF Animasi - SolveMyMedia
SolveMyMedia - Free Online Media Optimization Tools",text/html; charset=utf-8,false,200,0,0,,,0,true
