PR,URL,Title,Content type,Is rendered page,HTTP status code,Organic traffic,Depth,No. of redirect inlinks,No. of href inlinks
21,https://solvemymedia.com/ru,"SolveMyMedia | Все медиа-инструменты в одном месте
SolveMyMedia - Free Online Media Optimization Tools",text/html; charset=utf-8,false,200,0,0,1,0
21,https://solvemymedia.com/ar,"SolveMyMedia | جميع أدوات الوسائط في مكان واحد
SolveMyMedia - Free Online Media Optimization Tools",text/html; charset=utf-8,false,200,0,0,1,0
21,https://solvemymedia.com/sv,"SolveMyMedia | Alla mediaverktyg på ett ställe
SolveMyMedia - Free Online Media Optimization Tools",text/html; charset=utf-8,false,200,0,0,1,0
21,https://solvemymedia.com/zh,"SolveMyMedia | 所有媒体工具都集中在一处
SolveMyMedia - Free Online Media Optimization Tools",text/html; charset=utf-8,false,200,0,0,1,0
21,https://solvemymedia.com/tr,"SolveMyMedia | Tüm Medya Araçları Tek Bir Yerde
SolveMyMedia - Free Online Media Optimization Tools",text/html; charset=utf-8,false,200,0,0,1,0
21,https://solvemymedia.com/cs,"SolveMyMedia | Všechny mediální nástroje na jednom místě
SolveMyMedia - Free Online Media Optimization Tools",text/html; charset=utf-8,false,200,0,0,1,0
21,https://solvemymedia.com/ms,"SolveMyMedia | Semua Alat Media di Satu Tempat
SolveMyMedia - Free Online Media Optimization Tools",text/html; charset=utf-8,false,200,0,0,1,0
21,https://solvemymedia.com/vi,"SolveMyMedia | Tất cả các công cụ truyền thông ở một nơi
SolveMyMedia - Free Online Media Optimization Tools",text/html; charset=utf-8,false,200,0,0,1,0
21,https://solvemymedia.com/pt,"SolveMyMedia | Todas as ferramentas de mídia em um só lugar
SolveMyMedia - Free Online Media Optimization Tools",text/html; charset=utf-8,false,200,0,0,1,0
21,https://solvemymedia.com/ro,"SolveMyMedia | Toate instrumentele media într-un singur loc
SolveMyMedia - Free Online Media Optimization Tools",text/html; charset=utf-8,false,200,0,0,1,0
21,https://solvemymedia.com/ko,"SolveMyMedia | 한 곳에서 모든 미디어 도구
SolveMyMedia - Free Online Media Optimization Tools",text/html; charset=utf-8,false,200,0,0,1,0
21,https://solvemymedia.com/uk,"SolveMyMedia | Усі медіа-інструменти в одному місці
SolveMyMedia - Free Online Media Optimization Tools",text/html; charset=utf-8,false,200,0,0,1,0
21,https://solvemymedia.com/fi,"SolveMyMedia | Kaikki mediatyökalut yhdessä paikassa
SolveMyMedia - Free Online Media Optimization Tools",text/html; charset=utf-8,false,200,0,0,1,0
21,https://solvemymedia.com/de,"SolveMyMedia | Alle Medientools an einem Ort
SolveMyMedia - Free Online Media Optimization Tools",text/html; charset=utf-8,false,200,0,0,1,0
21,https://solvemymedia.com/pl,"SolveMyMedia | Wszystkie narzędzia multimedialne w jednym miejscu
SolveMyMedia - Free Online Media Optimization Tools",text/html; charset=utf-8,false,200,0,0,1,0
21,https://solvemymedia.com/da,"SolveMyMedia | Alle medieværktøjer på ét sted
SolveMyMedia - Free Online Media Optimization Tools",text/html; charset=utf-8,false,200,0,0,1,0
21,https://solvemymedia.com/fr,"SolveMyMedia | Tous les outils multimédias au même endroit
SolveMyMedia - Free Online Media Optimization Tools",text/html; charset=utf-8,false,200,0,0,1,0
21,https://solvemymedia.com/hi,"SolveMyMedia | सभी मीडिया उपकरण एक ही स्थान पर
SolveMyMedia - Free Online Media Optimization Tools",text/html; charset=utf-8,false,200,0,0,1,0
21,https://solvemymedia.com/th,"SolveMyMedia | เครื่องมือสื่อทั้งหมดในที่เดียว
SolveMyMedia - Free Online Media Optimization Tools",text/html; charset=utf-8,false,200,0,0,1,0
21,https://solvemymedia.com/nl,"SolveMyMedia | Alle mediatools op één plek
SolveMyMedia - Free Online Media Optimization Tools",text/html; charset=utf-8,false,200,0,0,1,0
21,https://solvemymedia.com/es,"SolveMyMedia | Todas las herramientas multimedia en un solo lugar
SolveMyMedia - Free Online Media Optimization Tools",text/html; charset=utf-8,false,200,0,0,1,0
21,https://solvemymedia.com/hu,"SolveMyMedia | Minden médiaeszköz egy helyen
SolveMyMedia - Free Online Media Optimization Tools",text/html; charset=utf-8,false,200,0,0,1,0
21,https://solvemymedia.com/it,"SolveMyMedia | Tutti gli strumenti multimediali in un unico posto
SolveMyMedia - Free Online Media Optimization Tools",text/html; charset=utf-8,false,200,0,0,1,0
21,https://solvemymedia.com/ja,"SolveMyMedia | すべてのメディア ツールを 1 か所に
SolveMyMedia - Free Online Media Optimization Tools",text/html; charset=utf-8,false,200,0,0,1,0
21,https://solvemymedia.com/no,"SolveMyMedia | Alle medieverktøy på ett sted
SolveMyMedia - Free Online Media Optimization Tools",text/html; charset=utf-8,false,200,0,0,1,0
21,https://solvemymedia.com/id,"SolveMyMedia | Semua Alat Media di Satu Tempat
SolveMyMedia - Free Online Media Optimization Tools",text/html; charset=utf-8,false,200,0,0,1,0
21,https://solvemymedia.com/el,"SolveMyMedia | Όλα τα εργαλεία πολυμέσων σε ένα μέρος
SolveMyMedia - Free Online Media Optimization Tools",text/html; charset=utf-8,false,200,0,0,1,0
